eng,tid,fam,reg,bid,shape,med_ms,iqr_ms,out,work,agm,rt_agm,work_agm,agm_out,status
pg,P2,path,uniform,1,acyclic,118.537,36.941,359618,720231,1042728876,0,0.001,2899.546,ok
pg,P2,path,uniform,2,acyclic,1.348,0.421,671,1344,1379271,0,0.001,2055.545,ok
pg,P2,path,uniform,3,acyclic,204.457,16.018,435374,871775,1504784661,0,0.001,3456.303,ok
pg,P2,path,uniform,4,acyclic,63.913,1.403,178242,357064,740668527,0,0,4155.41,ok
pg,P2,path,uniform,5,acyclic,13.683,0.221,35350,70841,233096799,0,0,6593.969,ok
pg,P2,path,uniform,6,acyclic,2.742,0.226,5946,11905,24826878,0,0,4175.392,ok
pg,P2,path,uniform,7,acyclic,40.012,0.812,110851,222222,714462378,0,0,6445.25,ok
pg,P2,path,uniform,8,acyclic,13.631,0.194,35871,71851,277233471,0,0,7728.624,ok
pg,P2,path,uniform,9,acyclic,45.247,0.823,99134,198817,697911126,0,0,7040.078,ok
pg,P2,path,uniform,10,acyclic,28.879,0.429,59311,118928,571018194,0,0,9627.526,ok
pg,P2,path,uniform,11,acyclic,6.403,0.161,15319,30748,183443043,0,0,11974.871,ok
pg,P2,path,uniform,12,acyclic,1.189,0.145,1005,2021,9654897,0,0,9606.863,ok
pg,P2,path,uniform,13,acyclic,6.007,0.144,13600,27307,212407734,0,0,15618.216,ok
pg,P2,path,uniform,14,acyclic,0.861,0.11,243,490,2758542,0,0,11352.025,ok
pg,P2,path,uniform,15,acyclic,2.095,0.14,3025,6100,73101363,0,0,24165.74,ok
pg,P2,path,uniform,16,acyclic,4.089,0.156,7949,16068,169650333,0,0,21342.349,ok
pg,P2,path,uniform,17,acyclic,1.422,0.075,1594,3215,24826878,0,0,15575.206,ok
pg,P2,path,uniform,18,acyclic,1.039,0.1,476,973,22068336,0,0,46362.05,ok
pg,P2,path,uniform,19,acyclic,1.361,0.111,524,1101,66205008,0,0,126345.435,ok
pg,P2,path,uniform,20,acyclic,1.662,0.231,1488,3029,75859905,0,0,50981.119,ok
pg,P2,path,hub,1,acyclic,217.036,72.845,701366,1403595,1742019273,0,0.001,2483.752,ok
pg,P2,path,hub,2,acyclic,171.127,104.099,989705,1981389,2412344979,0,0.001,2437.438,ok
pg,P2,path,hub,3,acyclic,257.106,133.814,970197,1942477,2442688941,0,0.001,2517.725,ok
pg,P2,path,hub,4,acyclic,127.296,10.901,766218,1534231,1845464598,0,0.001,2408.537,ok
pg,P2,path,hub,5,acyclic,403.893,37.009,920415,1843429,2635786881,0,0.001,2863.694,ok
pg,P2,path,hub,6,acyclic,289.524,48.759,911105,1824092,2340622887,0,0.001,2568.994,ok
pg,P2,path,hub,7,acyclic,164.618,4.392,504757,1010263,1380650271,0,0.001,2735.277,ok
pg,P2,path,hub,8,acyclic,288.888,26.688,658139,1317803,1719950937,0,0.001,2613.355,ok
pg,P2,path,hub,9,acyclic,285.501,88.233,798773,1598574,2372346120,0,0.001,2969.988,ok
pg,P2,path,hub,10,acyclic,196.317,2.893,615824,1232559,1750294899,0,0.001,2842.2,ok
pg,P2,path,hub,11,acyclic,185.63,53.933,511701,1024390,1339272141,0,0.001,2617.294,ok
pg,P2,path,hub,12,acyclic,133.983,0.467,763654,1529080,2484067071,0,0.001,3252.87,ok
pg,P2,path,hub,13,acyclic,130.962,73.632,523091,1047055,1653745929,0,0.001,3161.488,ok
pg,P2,path,hub,14,acyclic,171.326,0.681,542839,1086472,1536507894,0,0.001,2830.504,ok
pg,P2,path,hub,15,acyclic,109.243,78.315,557144,1115157,1757191254,0,0.001,3153.927,ok
pg,P2,path,hub,16,acyclic,163.134,1.606,515663,1032327,1708916769,0,0.001,3314.019,ok
pg,P2,path,hub,17,acyclic,110.765,73.422,511091,1022792,1641332490,0,0.001,3211.429,ok
pg,P2,path,hub,18,acyclic,160.543,1.035,500906,1003093,1794431571,0,0.001,3582.372,ok
pg,P2,path,hub,19,acyclic,87.856,47.587,340339,681314,1375133187,0,0,4040.481,ok
pg,P2,path,hub,20,acyclic,114.345,39.599,338846,678295,1550300604,0,0,4575.237,ok
pg,P3,path,uniform,1,acyclic,,,,,991695849,,,,fail
pg,P3,path,uniform,2,acyclic,23268.008,3517.295,69592292,139501596,419298384,0,0.333,6.025,ok
pg,P3,path,uniform,3,acyclic,20.468,1.253,40894,82273,1379271,0,0.06,33.728,ok
pg,P3,path,uniform,4,acyclic,8649.763,3148.229,29071800,58467943,595845072,0,0.098,20.496,ok
pg,P3,path,uniform,5,acyclic,1032.323,74.177,3999070,8061328,147581997,0,0.055,36.904,ok
pg,P3,path,uniform,6,acyclic,33.928,0.329,63906,129923,16551252,0,0.008,258.994,ok
pg,P3,path,uniform,7,acyclic,5753.171,1147.706,19227628,38670255,713083107,0,0.054,37.086,ok
pg,P3,path,uniform,8,acyclic,39.399,0.399,86540,174703,2758542,0,0.063,31.876,ok
pg,P3,path,uniform,9,acyclic,39.802,0.35,86540,174703,2758542,0,0.063,31.876,ok
pg,P3,path,uniform,10,acyclic,1797.565,688.376,6130831,12408291,597224343,0,0.021,97.413,ok
pg,P3,path,uniform,11,acyclic,28.877,0.435,50170,103001,8275626,0,0.012,164.952,ok
pg,P3,path,uniform,12,acyclic,2469.782,873.466,9684766,19574024,830321142,0,0.024,85.735,ok
pg,P3,path,uniform,13,acyclic,304.575,5.991,1184800,2411979,252406593,0,0.01,213.037,ok
pg,P3,path,uniform,14,acyclic,709.314,239.278,1421962,2891506,336542124,0,0.009,236.674,ok
pg,P3,path,uniform,15,acyclic,7.725,0.277,13259,26781,2758542,0,0.01,208.051,ok
pg,P3,path,uniform,16,acyclic,345.587,101.645,671337,1360398,219304089,0,0.006,326.668,ok
pg,P3,path,uniform,17,acyclic,106.576,22.427,304651,625882,164133249,0,0.004,538.758,ok
pg,P3,path,uniform,18,acyclic,45.182,0.243,79566,162782,38619588,0,0.004,485.378,ok
pg,P3,path,uniform,19,acyclic,12.158,0.157,11776,24716,41378130,0,0.001,3513.768,ok
pg,P3,path,uniform,20,acyclic,1.722,0.182,54,155,9654897,0,0,178794.389,ok
pg,P3,path,hub,1,acyclic,,,,,1468923615,,,,fail
pg,P3,path,hub,2,acyclic,,,,,1955806278,,,,fail
pg,P3,path,hub,3,acyclic,,,,,2257866627,,,,fail
pg,P3,path,hub,4,acyclic,,,,,1594437276,,,,fail
pg,P3,path,hub,5,acyclic,,,,,2635786881,,,,fail
pg,P3,path,hub,6,acyclic,,,,,1678572807,,,,fail
pg,P3,path,hub,7,acyclic,,,,,1662021555,,,,fail
pg,P3,path,hub,8,acyclic,,,,,1816499907,,,,fail
pg,P3,path,hub,9,acyclic,,,,,1427545485,,,,fail
pg,P3,path,hub,10,acyclic,,,,,1719950937,,,,fail
pg,P3,path,hub,11,acyclic,,,,,2809575027,,,,fail
pg,P3,path,hub,12,acyclic,,,,,1404097878,,,,fail
pg,P3,path,hub,13,acyclic,,,,,1481337054,,,,fail
pg,P3,path,hub,14,acyclic,,,,,1708916769,,,,fail
pg,P3,path,hub,15,acyclic,,,,,1805465739,,,,fail
pg,P3,path,hub,16,acyclic,48022.457,1465.627,102811762,206325908,1380650271,0,0.149,13.429,ok
pg,P3,path,hub,17,acyclic,49659.81,1121.482,109011947,219062764,1594437276,0,0.137,14.626,ok
pg,P3,path,hub,18,acyclic,40905.42,693.292,89618707,179825858,1532370081,0,0.117,17.099,ok
pg,P3,path,hub,19,acyclic,34582.515,303.888,78681959,157965274,1419269859,0,0.111,18.038,ok
pg,P3,path,hub,20,acyclic,27457.501,358.162,62212387,125232182,1562714043,0,0.08,25.119,ok
pg,T1,tri,uniform,1,cyclic,9.908,1.717,10418,38106,4237710.458,0,0.009,406.768,ok
pg,T1,tri,uniform,2,cyclic,1.476,0.29,2,153,566287.88,0,0,283143.94,ok
pg,T1,tri,uniform,3,cyclic,1.782,1.37,272,1235,1650998.693,0,0.001,6069.848,ok
pg,T1,tri,uniform,4,cyclic,1.635,0.144,132,626,1387116.353,0,0,10508.457,ok
pg,T1,tri,uniform,5,cyclic,3.693,0.311,2896,9202,3127427.037,0,0.003,1079.913,ok
pg,T1,tri,uniform,6,cyclic,11.913,0.182,11342,48569,4161349.06,0,0.012,366.897,ok
pg,T1,tri,uniform,7,cyclic,6.939,0.176,2550,26476,2859613.62,0,0.009,1121.417,ok
pg,T1,tri,uniform,8,cyclic,13.51,2.97,11342,48503,4142038.751,0,0.012,365.195,ok
pg,T1,tri,uniform,9,cyclic,4.713,0.166,2862,14594,2942518.139,0,0.005,1028.134,ok
pg,T1,tri,uniform,10,cyclic,1.494,0.187,30,123,980839.38,0,0,32694.646,ok
pg,T1,tri,uniform,11,cyclic,3.072,0.164,2914,13549,3101686.459,0,0.004,1064.409,ok
pg,T1,tri,uniform,12,cyclic,5.478,0.241,4078,17308,3648054.476,0,0.005,894.57,ok
pg,T1,tri,uniform,13,cyclic,2.837,0.705,1806,6069,2625768.879,0,0.002,1453.914,ok
pg,T1,tri,uniform,14,cyclic,1.483,0.134,12,49,800852,0,0,66737.667,ok
pg,T1,tri,uniform,15,cyclic,3.866,0.224,1092,10634,2402556,0,0.004,2200.143,ok
pg,T1,tri,uniform,16,cyclic,1.464,0.049,6,29,693558.177,0,0,115593.03,ok
pg,T1,tri,uniform,17,cyclic,2.183,0.481,1056,3593,2300272.242,0,0.002,2178.288,ok
pg,T1,tri,uniform,18,cyclic,3.695,0.422,1374,9724,3101686.459,0,0.003,2257.414,ok
pg,T1,tri,uniform,19,cyclic,2.788,0.12,1406,6165,2468391.642,0,0.002,1755.613,ok
pg,T1,tri,uniform,20,cyclic,9.427,0.17,8292,37053,4199703.318,0,0.009,506.477,ok
pg,T1,tri,hub,1,cyclic,44.777,5.174,62258,202536,6343940.916,0,0.032,101.898,ok
pg,T1,tri,hub,2,cyclic,31.925,0.447,44310,148663,5816523.626,0,0.026,131.269,ok
pg,T1,tri,hub,3,cyclic,38.161,6.983,44310,148663,5816523.626,0,0.026,131.269,ok
pg,T1,tri,hub,4,cyclic,31.491,1.56,44310,148663,5816523.626,0,0.026,131.269,ok
pg,T1,tri,hub,5,cyclic,15.847,0.33,11794,62905,5830290.565,0,0.011,494.344,ok
pg,T1,tri,hub,6,cyclic,16.669,1.233,17752,65319,5844025.073,0,0.011,329.204,ok
pg,T1,tri,hub,7,cyclic,31.909,0.475,44310,148663,5816523.626,0,0.026,131.269,ok
pg,T1,tri,hub,8,cyclic,49.569,3.94,75330,232491,8216054.601,0,0.028,109.067,ok
pg,T1,tri,hub,9,cyclic,48.082,4.047,62250,202494,6331290.972,0,0.032,101.707,ok
pg,T1,tri,hub,10,cyclic,31.191,3.235,44310,148663,5816523.626,0,0.026,131.269,ok
pg,T1,tri,hub,11,cyclic,31.916,1.573,44310,148663,5816523.626,0,0.026,131.269,ok
pg,T1,tri,hub,12,cyclic,31.551,0.435,44310,148663,5816523.626,0,0.026,131.269,ok
pg,T1,tri,hub,13,cyclic,37.399,0.712,47246,167135,7816003.707,0,0.021,165.432,ok
pg,T1,tri,hub,14,cyclic,35.232,0.601,47212,161508,6506152.404,0,0.025,137.807,ok
pg,T1,tri,hub,15,cyclic,41.704,0.358,63606,200734,7140618.468,0,0.028,112.263,ok
pg,T1,tri,hub,16,cyclic,40.654,1.205,62250,202494,6331290.972,0,0.032,101.707,ok
pg,T1,tri,hub,17,cyclic,46.614,0.533,69478,218742,6700408.556,0,0.033,96.439,ok
pg,T1,tri,hub,18,cyclic,21.048,0.342,24192,92250,5925763.659,0,0.016,244.947,ok
pg,T1,tri,hub,19,cyclic,42.647,1.193,62250,202494,6331290.972,0,0.032,101.707,ok
pg,T1,tri,hub,20,cyclic,53.956,0.631,76743,256175,8117890.329,0,0.032,105.78,ok
pg,T2,tri,uniform,1,cyclic,1.642,0.198,42,1212,981283.249,0,0.001,23363.887,ok
pg,T2,tri,uniform,2,cyclic,8.936,0.297,10920,37318,3800493.683,0,0.01,348.031,ok
pg,T2,tri,uniform,3,cyclic,3.193,0.165,117,5796,3459433.54,0,0.002,29567.808,ok
pg,T2,tri,uniform,4,cyclic,13.825,1.932,15116,53945,4892377.831,0,0.011,323.656,ok
pg,T2,tri,uniform,5,cyclic,15.853,0.314,20912,72420,4920414.61,0,0.015,235.291,ok
pg,T2,tri,uniform,6,cyclic,41.313,0.644,62831,208786,6060395.905,0,0.034,96.456,ok
pg,T2,tri,uniform,7,cyclic,4.116,0.212,1467,12619,2848861.73,0,0.004,1941.964,ok
pg,T2,tri,uniform,8,cyclic,3.536,0.198,356,10385,1854451.031,0,0.006,5209.132,ok
pg,T2,tri,uniform,9,cyclic,1.678,0.134,6,202,2256037.049,0,0,376006.175,ok
pg,T2,tri,uniform,10,cyclic,3.781,0.195,717,10677,2848861.73,0,0.004,3973.308,ok
pg,T2,tri,uniform,11,cyclic,10.711,0.701,10347,44763,4212502.975,0,0.011,407.123,ok
pg,T2,tri,uniform,12,cyclic,1.012,0.15,2,177,741780.412,0,0,370890.206,ok
pg,T2,tri,uniform,13,cyclic,6.108,0.666,7630,23185,3498971.207,0,0.007,458.581,ok
pg,T2,tri,uniform,14,cyclic,3.02,0.175,50,8792,1112670.619,0,0.008,22253.412,ok
pg,T2,tri,uniform,15,cyclic,27.062,0.97,32798,129534,5957378.838,0,0.022,181.638,ok
pg,T2,tri,uniform,16,cyclic,4.068,0.155,726,9555,3872207.434,0,0.002,5333.619,ok
pg,T2,tri,uniform,17,cyclic,40.664,0.475,63661,199787,6624310.898,0,0.03,104.056,ok
pg,T2,tri,uniform,18,cyclic,1.444,0.728,6,585,642400.681,0,0.001,107066.78,ok
pg,T2,tri,uniform,19,cyclic,29.197,0.475,44310,147453,5387491.439,0,0.027,121.586,ok
pg,T2,tri,uniform,20,cyclic,5.277,0.414,3552,14859,4341158.563,0,0.003,1222.173,ok
pg,T2,tri,hub,1,cyclic,40.486,0.597,62750,207593,6026252.558,0,0.034,96.036,ok
pg,T2,tri,hub,2,cyclic,30.233,1.087,44310,147458,5387491.439,0,0.027,121.586,ok
pg,T2,tri,hub,3,cyclic,600.348,46.331,16592,83054,6083051.67,0,0.014,366.626,ok
pg,T2,tri,hub,4,cyclic,40.62,1.01,66064,213123,6206180.195,0,0.034,93.942,ok
pg,T2,tri,hub,5,cyclic,42.482,1.761,66064,213123,6206180.195,0,0.034,93.942,ok
pg,T2,tri,hub,6,cyclic,24.3,0.926,31522,111958,5600319.301,0,0.02,177.664,ok
pg,T2,tri,hub,7,cyclic,29.587,1.579,44310,147458,5387491.439,0,0.027,121.586,ok
pg,T2,tri,hub,8,cyclic,29.165,5.184,44734,149710,5661393.291,0,0.026,126.557,ok
pg,T2,tri,hub,9,cyclic,43.896,8.452,75288,231328,7610030.78,0,0.03,101.079,ok
pg,T2,tri,hub,10,cyclic,13.207,0.317,8890,54600,5673529.197,0,0.01,638.192,ok
pg,T2,tri,hub,11,cyclic,13.629,0.414,8890,54600,5673529.197,0,0.01,638.192,ok
pg,T2,tri,hub,12,cyclic,40.206,0.667,62177,203760,5945822.322,0,0.034,95.627,ok
pg,T2,tri,hub,13,cyclic,20.304,0.407,23476,96163,5513679.303,0,0.017,234.865,ok
pg,T2,tri,hub,14,cyclic,41.887,1.327,66098,213191,6206180.195,0,0.034,93.894,ok
pg,T2,tri,hub,15,cyclic,41.512,1.456,63612,199505,6613919.816,0,0.03,103.973,ok
pg,T2,tri,hub,16,cyclic,18.173,0.515,23526,82089,5575702.394,0,0.015,237.002,ok
pg,T2,tri,hub,17,cyclic,45.353,0.906,68778,230882,6898956.631,0,0.033,100.308,ok
pg,T2,tri,hub,18,cyclic,40.448,2.537,66064,213123,6206180.195,0,0.034,93.942,ok
pg,T2,tri,hub,19,cyclic,41.684,1.796,66050,213095,6206180.195,0,0.034,93.962,ok
pg,T2,tri,hub,20,cyclic,34.096,4.488,62049,203219,5864289.067,0,0.035,94.511,ok
neo,P2,path,uniform,1,acyclic,255.392,12.424,359618,,1042728876,0,,2899.546,inst_fail
neo,P2,path,uniform,2,acyclic,11.98,6.266,671,,1379271,0,,2055.545,inst_fail
neo,P2,path,uniform,3,acyclic,283.951,21.125,435374,,1504784661,0,,3456.303,inst_fail
neo,P2,path,uniform,4,acyclic,132.083,7.367,178242,,740668527,0,,4155.41,inst_fail
neo,P2,path,uniform,5,acyclic,31.393,13.142,35350,,233096799,0,,6593.969,inst_fail
neo,P2,path,uniform,6,acyclic,12.877,9.044,5946,,24826878,0,,4175.392,inst_fail
neo,P2,path,uniform,7,acyclic,84.461,7.365,110851,,714462378,0,,6445.25,inst_fail
neo,P2,path,uniform,8,acyclic,33.719,11.366,35871,,277233471,0,,7728.624,inst_fail
neo,P2,path,uniform,9,acyclic,82.793,6.704,99134,,697911126,0,,7040.078,inst_fail
neo,P2,path,uniform,10,acyclic,52.36,7.522,59311,,571018194,0,,9627.526,inst_fail
neo,P2,path,uniform,11,acyclic,19.941,6.914,15319,,183443043,0,,11974.871,inst_fail
neo,P2,path,uniform,12,acyclic,14.47,14.135,1005,,9654897,0,,9606.863,inst_fail
neo,P2,path,uniform,13,acyclic,19.504,10.244,13600,,212407734,0,,15618.216,inst_fail
neo,P2,path,uniform,14,acyclic,9.626,6.264,243,,2758542,0,,11352.025,inst_fail
neo,P2,path,uniform,15,acyclic,15.333,14.011,3025,,73101363,0,,24165.74,inst_fail
neo,P2,path,uniform,16,acyclic,15.368,11.591,7949,,169650333,0,,21342.349,inst_fail
neo,P2,path,uniform,17,acyclic,17.816,11.302,1594,,24826878,0,,15575.206,inst_fail
neo,P2,path,uniform,18,acyclic,14.069,3.775,476,,22068336,0,,46362.05,inst_fail
neo,P2,path,uniform,19,acyclic,11.174,5.153,524,,66205008,0,,126345.435,inst_fail
neo,P2,path,uniform,20,acyclic,14.177,8.919,1488,,75859905,0,,50981.119,inst_fail
neo,P2,path,hub,1,acyclic,451.57,18.878,701366,,1742019273,0,,2483.752,inst_fail
neo,P2,path,hub,2,acyclic,620.648,12.739,989705,,2412344979,0,,2437.438,inst_fail
neo,P2,path,hub,3,acyclic,656.547,21.472,970197,,2442688941,0,,2517.725,inst_fail
neo,P2,path,hub,4,acyclic,468.26,17.254,766218,,1845464598,0,,2408.537,inst_fail
neo,P2,path,hub,5,acyclic,571.305,11.842,920415,,2635786881,0,,2863.694,inst_fail
neo,P2,path,hub,6,acyclic,590.17,33.572,911105,,2340622887,0,,2568.994,inst_fail
neo,P2,path,hub,7,acyclic,336.768,30.501,504757,,1380650271,0,,2735.277,inst_fail
neo,P2,path,hub,8,acyclic,420.017,30.265,658139,,1719950937,0,,2613.355,inst_fail
neo,P2,path,hub,9,acyclic,513.221,23.453,798773,,2372346120,0,,2969.988,inst_fail
neo,P2,path,hub,10,acyclic,432.426,32.337,615824,,1750294899,0,,2842.2,inst_fail
neo,P2,path,hub,11,acyclic,339.969,11.833,511701,,1339272141,0,,2617.294,inst_fail
neo,P2,path,hub,12,acyclic,522.036,33.251,763654,,2484067071,0,,3252.87,inst_fail
neo,P2,path,hub,13,acyclic,379.97,31.073,523091,,1653745929,0,,3161.488,inst_fail
neo,P2,path,hub,14,acyclic,369.419,29.031,542839,,1536507894,0,,2830.504,inst_fail
neo,P2,path,hub,15,acyclic,381.638,18.69,557144,,1757191254,0,,3153.927,inst_fail
neo,P2,path,hub,16,acyclic,349.284,20.462,515663,,1708916769,0,,3314.019,inst_fail
neo,P2,path,hub,17,acyclic,357.466,26.812,511091,,1641332490,0,,3211.429,inst_fail
neo,P2,path,hub,18,acyclic,344.473,15.679,500906,,1794431571,0,,3582.372,inst_fail
neo,P2,path,hub,19,acyclic,237.357,18.535,340339,,1375133187,0,,4040.481,inst_fail
neo,P2,path,hub,20,acyclic,234.705,5.084,338846,,1550300604,0,,4575.237,inst_fail
neo,P3,path,uniform,1,acyclic,,,,,991695849,,,,fail
neo,P3,path,uniform,2,acyclic,47965.921,843.194,69592292,,419298384,0,,6.025,inst_fail
neo,P3,path,uniform,3,acyclic,41.945,5.866,40894,,1379271,0,,33.728,inst_fail
neo,P3,path,uniform,4,acyclic,20250.508,785.605,29071800,,595845072,0,,20.496,inst_fail
neo,P3,path,uniform,5,acyclic,3044.04,281.33,3999070,,147581997,0,,36.904,inst_fail
neo,P3,path,uniform,6,acyclic,56.446,6.03,63906,,16551252,0,,258.994,inst_fail
neo,P3,path,uniform,7,acyclic,13652.992,519.32,19227628,,713083107,0,,37.086,inst_fail
neo,P3,path,uniform,8,acyclic,83.423,11.128,86540,,2758542,0,,31.876,inst_fail
neo,P3,path,uniform,9,acyclic,77.451,8.145,86540,,2758542,0,,31.876,inst_fail
neo,P3,path,uniform,10,acyclic,4553.808,171.99,6130831,,597224343,0,,97.413,inst_fail
neo,P3,path,uniform,11,acyclic,52.052,7.882,50170,,8275626,0,,164.952,inst_fail
neo,P3,path,uniform,12,acyclic,6713.98,1266.525,9684766,,830321142,0,,85.735,inst_fail
neo,P3,path,uniform,13,acyclic,912.676,24.217,1184800,,252406593,0,,213.037,inst_fail
neo,P3,path,uniform,14,acyclic,1023.201,25.808,1421962,,336542124,0,,236.674,inst_fail
neo,P3,path,uniform,15,acyclic,20.08,7.046,13259,,2758542,0,,208.051,inst_fail
neo,P3,path,uniform,16,acyclic,507.785,17.94,671337,,219304089,0,,326.668,inst_fail
neo,P3,path,uniform,17,acyclic,213.775,16.892,304651,,164133249,0,,538.758,inst_fail
neo,P3,path,uniform,18,acyclic,63.578,8.263,79566,,38619588,0,,485.378,inst_fail
neo,P3,path,uniform,19,acyclic,23.033,3.705,11776,,41378130,0,,3513.768,inst_fail
neo,P3,path,uniform,20,acyclic,13.23,11.716,54,,9654897,0,,178794.389,inst_fail
neo,P3,path,hub,1,acyclic,,,,,1468923615,,,,fail
neo,P3,path,hub,2,acyclic,,,,,1955806278,,,,fail
neo,P3,path,hub,3,acyclic,,,,,2257866627,,,,fail
neo,P3,path,hub,4,acyclic,,,,,1594437276,,,,fail
neo,P3,path,hub,5,acyclic,,,,,2635786881,,,,fail
neo,P3,path,hub,6,acyclic,,,,,1678572807,,,,fail
neo,P3,path,hub,7,acyclic,,,,,1662021555,,,,fail
neo,P3,path,hub,8,acyclic,,,,,1816499907,,,,fail
neo,P3,path,hub,9,acyclic,,,,,1427545485,,,,fail
neo,P3,path,hub,10,acyclic,,,,,1719950937,,,,fail
neo,P3,path,hub,11,acyclic,,,,,2809575027,,,,fail
neo,P3,path,hub,12,acyclic,,,,,1404097878,,,,fail
neo,P3,path,hub,13,acyclic,,,,,1481337054,,,,fail
neo,P3,path,hub,14,acyclic,,,,,1708916769,,,,fail
neo,P3,path,hub,15,acyclic,,,,,1805465739,,,,fail
neo,P3,path,hub,16,acyclic,,,,,1380650271,,,,fail
neo,P3,path,hub,17,acyclic,,,,,1594437276,,,,fail
neo,P3,path,hub,18,acyclic,,,,,1532370081,,,,fail
neo,P3,path,hub,19,acyclic,,,,,1419269859,,,,fail
neo,P3,path,hub,20,acyclic,39399.389,727.876,62212387,,1562714043,0,,25.119,inst_fail
neo,T1,tri,uniform,1,cyclic,66.022,22.7,10418,,4237710.458,0,,406.768,inst_fail
neo,T1,tri,uniform,2,cyclic,14.746,11.125,2,,566287.88,0,,283143.94,inst_fail
neo,T1,tri,uniform,3,cyclic,18.449,2.2,272,,1650998.693,0,,6069.848,inst_fail
neo,T1,tri,uniform,4,cyclic,26.148,6.143,132,,1387116.353,0,,10508.457,inst_fail
neo,T1,tri,uniform,5,cyclic,20.753,8.191,2896,,3127427.037,0,,1079.913,inst_fail
neo,T1,tri,uniform,6,cyclic,42.736,13.628,11342,,4161349.06,0,,366.897,inst_fail
neo,T1,tri,uniform,7,cyclic,33.995,11.178,2550,,2859613.62,0,,1121.417,inst_fail
neo,T1,tri,uniform,8,cyclic,52.319,7.042,11342,,4142038.751,0,,365.195,inst_fail
neo,T1,tri,uniform,9,cyclic,40.835,15.832,2862,,2942518.139,0,,1028.134,inst_fail
neo,T1,tri,uniform,10,cyclic,14.997,6.869,30,,980839.38,0,,32694.646,inst_fail
neo,T1,tri,uniform,11,cyclic,35.681,11.215,2914,,3101686.459,0,,1064.409,inst_fail
neo,T1,tri,uniform,12,cyclic,42.709,17.915,4078,,3648054.476,0,,894.57,inst_fail
neo,T1,tri,uniform,13,cyclic,21.909,7.617,1806,,2625768.879,0,,1453.914,inst_fail
neo,T1,tri,uniform,14,cyclic,8.257,1.04,12,,800852,0,,66737.667,inst_fail
neo,T1,tri,uniform,15,cyclic,29.274,10.348,1092,,2402556,0,,2200.143,inst_fail
neo,T1,tri,uniform,16,cyclic,17.557,1.771,6,,693558.177,0,,115593.03,inst_fail
neo,T1,tri,uniform,17,cyclic,27.802,17.33,1056,,2300272.242,0,,2178.288,inst_fail
neo,T1,tri,uniform,18,cyclic,29.944,7.356,1374,,3101686.459,0,,2257.414,inst_fail
neo,T1,tri,uniform,19,cyclic,25.585,8.133,1406,,2468391.642,0,,1755.613,inst_fail
neo,T1,tri,uniform,20,cyclic,41.46,14.333,8292,,4199703.318,0,,506.477,inst_fail
neo,T1,tri,hub,1,cyclic,129.477,15.086,62258,,6343940.916,0,,101.898,inst_fail
neo,T1,tri,hub,2,cyclic,107.659,8.398,44310,,5816523.626,0,,131.269,inst_fail
neo,T1,tri,hub,3,cyclic,76.017,18.801,44310,,5816523.626,0,,131.269,inst_fail
neo,T1,tri,hub,4,cyclic,126.262,29.088,44310,,5816523.626,0,,131.269,inst_fail
neo,T1,tri,hub,5,cyclic,90.299,15.165,11794,,5830290.565,0,,494.344,inst_fail
neo,T1,tri,hub,6,cyclic,81.233,16.2,17752,,5844025.073,0,,329.204,inst_fail
neo,T1,tri,hub,7,cyclic,130.906,54.371,44310,,5816523.626,0,,131.269,inst_fail
neo,T1,tri,hub,8,cyclic,125.737,14.378,75330,,8216054.601,0,,109.067,inst_fail
neo,T1,tri,hub,9,cyclic,111.821,13.527,62250,,6331290.972,0,,101.707,inst_fail
neo,T1,tri,hub,10,cyclic,95.868,8.621,44310,,5816523.626,0,,131.269,inst_fail
neo,T1,tri,hub,11,cyclic,97.46,10.608,44310,,5816523.626,0,,131.269,inst_fail
neo,T1,tri,hub,12,cyclic,97.315,14.021,44310,,5816523.626,0,,131.269,inst_fail
neo,T1,tri,hub,13,cyclic,107.26,17.885,47246,,7816003.707,0,,165.432,inst_fail
neo,T1,tri,hub,14,cyclic,103.81,26.487,47212,,6506152.404,0,,137.807,inst_fail
neo,T1,tri,hub,15,cyclic,112.726,14.464,63606,,7140618.468,0,,112.263,inst_fail
neo,T1,tri,hub,16,cyclic,115.597,18.726,62250,,6331290.972,0,,101.707,inst_fail
neo,T1,tri,hub,17,cyclic,136.196,16.304,69478,,6700408.556,0,,96.439,inst_fail
neo,T1,tri,hub,18,cyclic,110.621,22.198,24192,,5925763.659,0,,244.947,inst_fail
neo,T1,tri,hub,19,cyclic,107.229,19.535,62250,,6331290.972,0,,101.707,inst_fail
neo,T1,tri,hub,20,cyclic,152.464,20.187,76743,,8117890.329,0,,105.78,inst_fail
neo,T2,tri,uniform,1,cyclic,19.563,12.283,42,,981283.249,0,,23363.887,inst_fail
neo,T2,tri,uniform,2,cyclic,47.638,17.001,10920,,3800493.683,0,,348.031,inst_fail
neo,T2,tri,uniform,3,cyclic,33.798,23.955,117,,3459433.54,0,,29567.808,inst_fail
neo,T2,tri,uniform,4,cyclic,53.444,19.367,15116,,4892377.831,0,,323.656,inst_fail
neo,T2,tri,uniform,5,cyclic,49.319,9.248,20912,,4920414.61,0,,235.291,inst_fail
neo,T2,tri,uniform,6,cyclic,103.379,15.574,62831,,6060395.905,0,,96.456,inst_fail
neo,T2,tri,uniform,7,cyclic,37.112,19.357,1467,,2848861.73,0,,1941.964,inst_fail
neo,T2,tri,uniform,8,cyclic,29.563,21.763,356,,1854451.031,0,,5209.132,inst_fail
neo,T2,tri,uniform,9,cyclic,16.598,13.289,6,,2256037.049,0,,376006.175,inst_fail
neo,T2,tri,uniform,10,cyclic,32.816,16.715,717,,2848861.73,0,,3973.308,inst_fail
neo,T2,tri,uniform,11,cyclic,44.655,21.234,10347,,4212502.975,0,,407.123,inst_fail
neo,T2,tri,uniform,12,cyclic,19.705,12.679,2,,741780.412,0,,370890.206,inst_fail
neo,T2,tri,uniform,13,cyclic,33.536,27.376,7630,,3498971.207,0,,458.581,inst_fail
neo,T2,tri,uniform,14,cyclic,29.65,18.437,50,,1112670.619,0,,22253.412,inst_fail
neo,T2,tri,uniform,15,cyclic,94.797,19.713,32798,,5957378.838,0,,181.638,inst_fail
neo,T2,tri,uniform,16,cyclic,37.145,20.747,726,,3872207.434,0,,5333.619,inst_fail
neo,T2,tri,uniform,17,cyclic,102.24,10.808,63661,,6624310.898,0,,104.056,inst_fail
neo,T2,tri,uniform,18,cyclic,14.364,11.207,6,,642400.681,0,,107066.78,inst_fail
neo,T2,tri,uniform,19,cyclic,78.184,10.348,44310,,5387491.439,0,,121.586,inst_fail
neo,T2,tri,uniform,20,cyclic,41.309,14.675,3552,,4341158.563,0,,1222.173,inst_fail
neo,T2,tri,hub,1,cyclic,121.795,11.858,62750,,6026252.558,0,,96.036,inst_fail
neo,T2,tri,hub,2,cyclic,83.694,19.427,44310,,5387491.439,0,,121.586,inst_fail
neo,T2,tri,hub,3,cyclic,82.807,12.174,16592,,6083051.67,0,,366.626,inst_fail
neo,T2,tri,hub,4,cyclic,174.628,25.289,66064,,6206180.195,0,,93.942,inst_fail
neo,T2,tri,hub,5,cyclic,117.398,14.823,66064,,6206180.195,0,,93.942,inst_fail
neo,T2,tri,hub,6,cyclic,100.119,14.05,31522,,5600319.301,0,,177.664,inst_fail
neo,T2,tri,hub,7,cyclic,67.834,11.184,44310,,5387491.439,0,,121.586,inst_fail
neo,T2,tri,hub,8,cyclic,94.507,38.56,44734,,5661393.291,0,,126.557,inst_fail
neo,T2,tri,hub,9,cyclic,133.584,30.156,75288,,7610030.78,0,,101.079,inst_fail
neo,T2,tri,hub,10,cyclic,59.863,12.731,8890,,5673529.197,0,,638.192,inst_fail
neo,T2,tri,hub,11,cyclic,82.435,33.924,8890,,5673529.197,0,,638.192,inst_fail
neo,T2,tri,hub,12,cyclic,97.653,13.377,62177,,5945822.322,0,,95.627,inst_fail
neo,T2,tri,hub,13,cyclic,117.495,40.126,23476,,5513679.303,0,,234.865,inst_fail
neo,T2,tri,hub,14,cyclic,135.685,21.709,66098,,6206180.195,0,,93.894,inst_fail
neo,T2,tri,hub,15,cyclic,116.427,14.996,63612,,6613919.816,0,,103.973,inst_fail
neo,T2,tri,hub,16,cyclic,74.969,17.856,23526,,5575702.394,0,,237.002,inst_fail
neo,T2,tri,hub,17,cyclic,111.087,15.409,68778,,6898956.631,0,,100.308,inst_fail
neo,T2,tri,hub,18,cyclic,107.236,61.206,66064,,6206180.195,0,,93.942,inst_fail
neo,T2,tri,hub,19,cyclic,106.857,16.418,66050,,6206180.195,0,,93.962,inst_fail
neo,T2,tri,hub,20,cyclic,67.818,9.765,62049,,5864289.067,0,,94.511,inst_fail
